"","ticker","Rank","Company","Weight","X","conm","gvkey","cik","cusip","fyear"
"1","A",186,"Agilent Technologies Inc.",0.114511,88,"AGILENT TECHNOLOGIES INC",126554,1090872,"00846U101",2006
"2","AAL",467,"American Airlines Group Inc.",0.026195,7542,"AMERICAN AIRLINES GROUP INC",1045,6201,"02376R102",2006
"3","AAP",431,"Advance Auto Parts Inc.",0.03518,7719,"ADVANCE AUTO PARTS INC",145977,1158449,"00751Y106",2006
"4","AAPL",1,"Apple Inc.",7.13518,6586,"APPLE INC",1690,320193,"037833100",2006
"5","ABC",310,"AmerisourceBergen Corporation",0.0622,5441,"AMERISOURCEBERGEN CORP",31673,1140859,"03073E105",2006
"6","ABMD",413,"ABIOMED Inc.",0.038389,10271,"ABIOMED INC",13619,815094,"003654100",2006
"7","ABT",34,"Abbott Laboratories",0.551666,7537,"ABBOTT LABORATORIES",1078,1800,"002824100",2006
"8","ACN",31,"Accenture Plc Class A",0.555647,446,"ACCENTURE PLC",143357,1467373,"G1151C101",2006
"9","ADBE",29,"Adobe Incorporated",0.561778,9428,"ADOBE INC",12540,796343,"00724F101",2006
"10","ADI",84,"Analog Devices Inc.",0.259498,434,"ANALOG DEVICES INC",1632,6281,"032654105",2006
"11","ADM",158,"Archer-Daniels-Midland Company",0.135102,10895,"ARCHER-DANIELS-MIDLAND CO",1722,7084,"039483102",2006
"12","ADP",71,"Automatic Data Processing Inc.",0.29231,2614,"AUTOMATIC DATA PROCESSING",1891,8670,"053015103",2006
"13","ADSK",156,"Autodesk Inc.",0.137083,9819,"AUTODESK INC",1878,769397,"052769106",2006
"14","AEE",286,"Ameren Corporation",0.068674,3667,"AMEREN CORP",10860,1002910,"023608102",2006
"15","AEP",149,"American Electric Power Company Inc.",0.146644,1864,"AMERICAN ELECTRIC POWER CO",1440,4904,"025537101",2006
"16","AES",390,"AES Corporation",0.042682,3081,"AES CORP (THE)",24216,874761,"00130H105",2006
"17","AFL",211,"Aflac Incorporated",0.10194,3130,"AFLAC INC",1449,4977,"001055102",2006
"18","AIG",181,"American International Group Inc.",0.116504,729,"AMERICAN INTERNATIONAL GROUP",1487,5272,"026874784",2006
"19","AIZ",458,"Assurant Inc.",0.028235,11109,"ASSURANT INC",157057,1267238,"04621X108",2006
"20","AJG",204,"Arthur J. Gallagher & Co.",0.103896,5732,"ARTHUR J GALLAGHER & CO",4973,354190,"363576109",2006
"21","AKAM",381,"Akamai Technologies Inc.",0.04452,3696,"AKAMAI TECHNOLOGIES INC",125595,1086222,"00971T101",2006
"22","ALB",255,"Albemarle Corporation",0.082195,955,"ALBEMARLE CORP",29751,915913,"012653101",2006
"23","ALGN",320,"Align Technology Inc.",0.059546,976,"ALIGN TECHNOLOGY INC",141384,1097149,"016255101",2006
"24","ALK",495,"Alaska Air Group Inc.",0.016034,2587,"ALASKA AIR GROUP INC",1230,766421,"011659109",2006
"25","ALL",228,"Allstate Corporation",0.092275,2868,"ALLSTATE CORP",28349,899051,"020002101",2006
"26","AMAT",79,"Applied Materials Inc.",0.269679,1267,"APPLIED MATERIALS INC",1704,6951,"038222105",2006
"27","AMCR",336,"Amcor PLC",0.055787,2271,"AMCOR PLC",100243,1748790,"G0250X107",2006
"28","AMD",44,"Advanced Micro Devices Inc.",0.466626,1753,"ADVANCED MICRO DEVICES",1161,2488,"007903107",2006
"29","AME",249,"AMETEK Inc.",0.083157,7049,"AMETEK INC",1598,1037868,"031100100",2006
"30","AMGN",54,"Amgen Inc.",0.37787,8111,"AMGEN INC",1602,318154,"031162100",2006
"31","AMP",245,"Ameriprise Financial Inc.",0.085075,9739,"AMERIPRISE FINANCIAL INC",164708,820027,"03076C106",2006
"32","AMT",61,"American Tower Corporation",0.359319,5878,"AMERICAN TOWER CORP",105365,1053507,"03027X100",2006
"33","AMZN",3,"Amazon.com Inc.",3.404451,5253,"AMAZON.COM INC",64768,1018724,"023135106",2006
"34","ANSS",281,"ANSYS Inc.",0.069301,6904,"ANSYS INC",63080,1013462,"03662Q105",2006
"35","AON",125,"Aon Plc Class A",0.172616,2586,"AON PLC",3221,315293,"G0403H108",2006
"36","AOS",481,"A. O. Smith Corporation",0.023217,5386,"SMITH (A.O.)",9771,91142,"831865209",2006
"37","APA",430,"APA Corp.",0.035244,1533,"APA CORP",1678,1841666,"03743Q108",2006
"38","APD",140,"Air Products and Chemicals Inc.",0.157014,7731,"AIR PRODUCTS & CHEMICALS INC",1209,2969,"009158106",2006
"39","APH",162,"Amphenol Corporation Class A",0.131769,152,"AMPHENOL CORP",14282,820313,"032095101",2006
"40","APTV",247,"Aptiv PLC",0.084527,1430,"APTIV PLC",118122,1521332,"G6095L109",2006
"41","ARE",284,"Alexandria Real Estate Equities Inc.",0.068773,1037,"ALEXANDRIA R E EQUITIES INC",64821,1035443,"015271109",2006
"42","ATO",359,"Atmos Energy Corporation",0.048421,6421,"ATMOS ENERGY CORP",4383,731802,"049560105",2006
"43","ATVI",123,"Activision Blizzard Inc.",0.178722,9162,"ACTIVISION BLIZZARD INC",180405,718877,"00507V109",2006
"44","AVB",254,"AvalonBay Communities Inc.",0.0823,2459,"AVALONBAY COMMUNITIES INC",29875,915912,"053484101",2006
"45","AVGO",28,"Broadcom Inc.",0.629006,8733,"BROADCOM INC",180711,1730168,"11135F101",2006
"46","AVY",375,"Avery Dennison Corporation",0.045512,1303,"AVERY DENNISON CORP",1913,8818,"053611109",2006
"47","AWK",258,"American Water Works Company Inc.",0.081328,6265,"AMERICAN WATER WORKS CO INC",179437,1410636,"030420103",2006
"48","AXP",80,"American Express Company",0.268189,9858,"AMERICAN EXPRESS CO",1447,4962,"025816109",2006
"49","AZO",174,"AutoZone Inc.",0.123963,10225,"AUTOZONE INC",23809,866787,"053332102",2006
"50","BA",82,"Boeing Company",0.263344,9918,"BOEING CO",2285,12927,"097023105",2006
"51","BAC",25,"Bank of America Corp",0.67934,1065,"BANK OF AMERICA CORP",7647,70858,"060505104",2006
"52","BALL",291,"Ball Corporation",0.067598,7489,"BALL CORP",1988,9389,"058498106",2006
"53","BAX",244,"Baxter International Inc.",0.08598,445,"BAXTER INTERNATIONAL INC",2086,10456,"071813109",2006
"54","BBWI",469,"Bath & Body Works Inc.",0.025604,9344,"BATH & BODY WORKS INC",6733,701985,"070830104",2006
"55","BBY",384,"Best Buy Co. Inc.",0.043809,3605,"BEST BUY CO INC",2184,764478,"086516101",2006
"56","BDX",108,"Becton Dickinson and Company",0.200145,8278,"BECTON DICKINSON & CO",2111,10795,"075887109",2006
"57","BEN",486,"Franklin Resources Inc.",0.02168,4717,"FRANKLIN RESOURCES INC",4885,38777,"354613101",2006
"58","BF.B",412,"Brown-Forman Corporation Class B",0.039142,9281,"BROWN FORMAN CORP",2435,14693,"115637209",2006
"59","BIIB",238,"Biogen Inc.",0.088644,7174,"BIOGEN INC",24468,875045,"09062X103",2006
"60","BIO",437,"Bio-Rad Laboratories Inc. Class A",0.033925,1230,"BIO-RAD LABORATORIES INC",2220,12208,"090572207",2006
"61","BK",229,"Bank of New York Mellon Corp",0.091899,5130,"BANK OF NEW YORK MELLON CORP",2019,1390777,"064058100",2006
"62","BKNG",95,"Booking Holdings Inc.",0.23047,7495,"BOOKING HOLDINGS INC",119314,1075531,"09857L108",2006
"63","BLK",77,"BlackRock Inc.",0.274243,8953,"BLACKROCK INC",124434,1364742,"09247X101",2006
"64","BMY",45,"Bristol-Myers Squibb Company",0.452471,5639,"BRISTOL-MYERS SQUIBB CO",2403,14272,"110122108",2006
"65","BR",340,"Broadridge Financial Solutions Inc.",0.054616,1062,"BROADRIDGE FINANCIAL SOLUTNS",176928,1383312,"11133T103",2006
"66","BRK.B",7,"Berkshire Hathaway Inc. Class B",1.532969,1799,"BERKSHIRE HATHAWAY",2176,1067983,"084670702",2006
"67","BRO",392,"Brown & Brown Inc.",0.042346,9156,"BROWN & BROWN INC",15417,79282,"115236101",2006
"68","BSX",128,"Boston Scientific Corporation",0.17189,8718,"BOSTON SCIENTIFIC CORP",25279,885725,"101137107",2006
"69","BWA",462,"BorgWarner Inc.",0.026752,5719,"BORGWARNER INC",28742,908255,"099724106",2006
"70","BXP",425,"Boston Properties Inc.",0.036036,5769,"BOSTON PROPERTIES INC",64925,1037540,"101121101",2006
"71","C",72,"Citigroup Inc.",0.285813,7469,"CITIGROUP INC",3243,831001,"172967424",2006
"72","CAG",365,"Conagra Brands Inc.",0.047221,1026,"CONAGRA BRANDS INC",3362,23217,"205887102",2006
"73","CAH",360,"Cardinal Health Inc.",0.048346,4049,"CARDINAL HEALTH INC",2751,721371,"14149Y108",2006
"74","CAT",74,"Caterpillar Inc.",0.283866,440,"CATERPILLAR INC",2817,18230,"149123101",2006
"75","CB",96,"Chubb Limited",0.226527,9890,"CHUBB LTD",28034,896159,"H1467J104",2006
"76","CBOE",424,"Cboe Global Markets Inc",0.036147,3006,"CBOE GLOBAL MARKETS INC",184500,1374310,"12503M108",2006
"77","CBRE",265,"CBRE Group Inc. Class A",0.078017,5804,"CBRE GROUP INC",260774,1138118,"12504L109",2006
"78","CCI",97,"Crown Castle Inc.",0.223351,6567,"CROWN CASTLE INC",113490,1051470,"22822V101",2006
"79","CCL",465,"Carnival Corporation",0.026447,4473,"CARNIVAL CORPORATION & PLC",13498,815097,"143658300",2006
"80","CDNS",150,"Cadence Design Systems Inc.",0.14629,7706,"CADENCE DESIGN SYSTEMS INC",13421,813672,"127387108",2006
"81","CDW",279,"CDW Corp.",0.070622,8032,"CDW CORP",28320,1402057,"12514G108",2006
"82","CE",432,"Celanese Corporation",0.035022,2109,"CELANESE CORP",162254,1306830,"150870103",2006
"83","CF",323,"CF Industries Holdings Inc.",0.059392,7639,"CF INDUSTRIES HOLDINGS INC",163946,1324404,"125269100",2006
"84","CHD",314,"Church & Dwight Co. Inc.",0.061337,8975,"CHURCH & DWIGHT INC",3026,313927,"171340102",2006
"85","CHRW",400,"C.H. Robinson Worldwide Inc.",0.041424,855,"C H ROBINSON WORLDWIDE INC",65609,1043277,"12541W209",2006
"86","CHTR",147,"Charter Communications Inc. Class A",0.147027,8706,"CHARTER COMMUNICATIONS INC",126136,1091667,"16119P108",2006
"87","CI",85,"Cigna Corporation",0.249772,4904,"CIGNA CORP",2547,1739940,"125523100",2006
"88","CINF",404,"Cincinnati Financial Corporation",0.040869,9526,"CINCINNATI FINANCIAL CORP",14824,20286,"172062101",2006
"89","CL",110,"Colgate-Palmolive Company",0.195103,4591,"COLGATE-PALMOLIVE CO",3170,21665,"194162103",2006
"90","CLX",350,"Clorox Company",0.050881,9441,"CLOROX CO/DE",3121,21076,"189054109",2006
"91","CMA",450,"Comerica Incorporated",0.029365,7071,"COMERICA INC",3231,28412,"200340107",2006
"92","CMCSA",39,"Comcast Corporation Class A",0.488528,6720,"COMCAST CORP",3226,1166691,"20030N101",2006
"93","CME",102,"CME Group Inc. Class A",0.205334,8748,"CME GROUP INC",149070,1156375,"12572Q105",2006
"94","CMG",170,"Chipotle Mexican Grill Inc.",0.125203,10347,"CHIPOTLE MEXICAN GRILL INC",165914,1058090,"169656105",2006
"95","CMI",232,"Cummins Inc.",0.090485,5820,"CUMMINS INC",3650,26172,"231021106",2006
"96","CMS",328,"CMS Energy Corporation",0.057698,9523,"CMS ENERGY CORP",3439,811156,"125896100",2006
"97","CNC",139,"Centene Corporation",0.158274,10377,"CENTENE CORP",145552,1071739,"15135B101",2006
"98","CNP",330,"CenterPoint Energy Inc.",0.057561,6168,"CENTERPOINT ENERGY INC",5742,1130310,"15189T107",2006
"99","COF",176,"Capital One Financial Corp",0.121903,9399,"CAPITAL ONE FINANCIAL CORP",30990,927628,"14040H105",2006
"100","COO",372,"Cooper Companies Inc.",0.046084,3562,"COOPER COS INC (THE)",3504,711404,"216648402",2006
"101","COP",62,"ConocoPhillips",0.355275,8996,"CONOCOPHILLIPS",8549,1163165,"20825C104",2006
"102","COST",24,"Costco Wholesale Corporation",0.698561,4286,"COSTCO WHOLESALE CORP",29028,909832,"22160K105",2006
"103","CPB",453,"Campbell Soup Company",0.028985,1857,"CAMPBELL SOUP CO",2663,16732,"134429109",2006
"104","CPRT",263,"Copart Inc.",0.07889,5048,"COPART INC",29901,900075,"217204106",2006
"105","CPT",393,"Camden Property Trust",0.042344,3867,"CAMDEN PROPERTY TRUST",28629,906345,"133131102",2006
"106","CRL",429,"Charles River Laboratories International Inc.",0.035264,3282,"CHARLES RIVER LABS INTL INC",137131,1100682,"159864107",2006
"107","CRM",38,"Salesforce Inc.",0.529564,10809,"SALESFORCE INC",157855,1108524,"79466L302",2006
"108","CSCO",35,"Cisco Systems Inc.",0.541178,10749,"CISCO SYSTEMS INC",20779,858877,"17275R102",2006
"109","CSX",106,"CSX Corporation",0.202725,5860,"CSX CORP",2574,277948,"126408103",2006
"110","CTAS",195,"Cintas Corporation",0.107858,438,"CINTAS CORP",3062,723254,"172908105",2006
"111","CTRA",285,"Coterra Energy Inc.",0.068768,9578,"COTERRA ENERGY INC",20548,858470,"127097103",2006
"112","CTSH",207,"Cognizant Technology Solutions Corporation Class A",0.102351,4092,"COGNIZANT TECH SOLUTIONS",111864,1058290,"192446102",2006
"113","CTXS",423,"Citrix Systems Inc.",0.036408,5221,"CITRIX SYSTEMS INC",61676,877890,"177376100",2006
"114","CVS",58,"CVS Health Corporation",0.362286,4834,"CVS HEALTH CORP",7241,64803,"126650100",2006
"115","CVX",16,"Chevron Corporation",0.906813,5045,"CHEVRON CORP",2991,93410,"166764100",2006
"116","D",111,"Dominion Energy Inc",0.192481,9334,"DOMINION ENERGY INC",4029,715957,"25746U109",2006
"117","DAL",326,"Delta Air Lines Inc.",0.05867,5744,"DELTA AIR LINES INC",3851,27904,"247361702",2006
"118","DD",241,"DuPont de Nemours Inc.",0.08733,7286,"DUPONT DE NEMOURS INC",4060,1666700,"26614N102",2006
"119","DE",78,"Deere & Company",0.270299,850,"DEERE & CO",3835,315189,"244199105",2006
"120","DFS",257,"Discover Financial Services",0.081614,9165,"DISCOVER FINANCIAL SVCS",177376,1393612,"254709108",2006
"121","DG",134,"Dollar General Corporation",0.16629,4933,"DOLLAR GENERAL CORP",4016,29534,"256677105",2006
"122","DGX",366,"Quest Diagnostics Incorporated",0.047062,8991,"QUEST DIAGNOSTICS INC",64166,1022079,"74834L100",2006
"123","DHI",280,"D.R. Horton Inc.",0.069666,9986,"D R HORTON INC",25340,882184,"23331A109",2006
"124","DHR",37,"Danaher Corporation",0.535857,854,"DANAHER CORP",3735,313616,"235851102",2006
"125","DIS",32,"Walt Disney Company",0.553138,83,"DISNEY (WALT) CO",3980,1744489,"254687106",2006
"126","DISH",502,"DISH Network Corporation Class A",0.0123,6497,"DISH NETWORK CORP",60900,1001082,"25470M109",2006
"127","DLR",200,"Digital Realty Trust Inc.",0.106103,1516,"DIGITAL REALTY TRUST INC",160991,1297996,"253868103",2006
"128","DLTR",196,"Dollar Tree Inc.",0.10695,7461,"DOLLAR TREE INC",31587,935703,"256746108",2006
"129","DOV",341,"Dover Corporation",0.054385,5338,"DOVER CORP",4058,29905,"260003108",2006
"130","DPZ",397,"Domino's Pizza Inc.",0.041596,3060,"DOMINO'S PIZZA INC",160211,1286681,"25754A201",2006
"131","DRE",293,"Duke Realty Corporation",0.067291,2690,"DUKE REALTY CORP",13510,783280,"264411505",2006
"132","DRI",370,"Darden Restaurants Inc.",0.046352,305,"DARDEN RESTAURANTS INC",31846,940944,"237194105",2006
"133","DTE",275,"DTE Energy Company",0.072536,6276,"DTE ENERGY CO",3897,936340,"233331107",2006
"134","DUK",87,"Duke Energy Corporation",0.244759,7936,"DUKE ENERGY CORP",4093,1326160,"26441C204",2006
"135","DVA",496,"DaVita Inc.",0.015413,2091,"DAVITA INC",61483,927066,"23918K108",2006
"136","DVN",194,"Devon Energy Corporation",0.107926,2745,"DEVON ENERGY CORP",14934,1090012,"25179M103",2006
"137","DXC",484,"DXC Technology Co.",0.022349,8122,"DXC TECHNOLOGY CO",3336,1688568,"23355L106",2006
"138","DXCM",213,"DexCom Inc.",0.100513,10652,"DEXCOM INC",162887,1093557,"252131107",2006
"139","EA",202,"Electronic Arts Inc.",0.105127,3509,"ELECTRONIC ARTS INC",16721,712515,"285512109",2006
"140","EBAY",264,"eBay Inc.",0.078631,628,"EBAY INC",114524,1065088,"278642103",2006
"141","ECL",177,"Ecolab Inc.",0.118586,6054,"ECOLAB INC",4213,31462,"278865100",2006
"142","ED",215,"Consolidated Edison Inc.",0.100125,5758,"CONSOLIDATED EDISON INC",3413,1047862,"209115104",2006
"143","EFX",276,"Equifax Inc.",0.072405,4257,"EQUIFAX INC",4423,33185,"294429105",2006
"144","EIX",270,"Edison International",0.075074,3884,"EDISON INTERNATIONAL",9846,827052,"281020107",2006
"145","EL",120,"Estee Lauder Companies Inc. Class A",0.180435,7759,"ESTEE LAUDER COMPANIES INC",61567,1001250,"518439104",2006
"146","ELV",66,"Elevance Health Inc.",0.330804,9212,"ELEVANCE HEALTH INC",145046,1156039,"036752103",2006
"147","EMN",433,"Eastman Chemical Company",0.034784,4817,"EASTMAN CHEMICAL CO",29392,915389,"277432100",2006
"148","EMR",141,"Emerson Electric Co.",0.153509,1596,"EMERSON ELECTRIC CO",4321,32604,"291011104",2006
"149","EOG",118,"EOG Resources Inc.",0.181397,2108,"EOG RESOURCES INC",16478,821189,"26875P101",2006
"150","EPAM",319,"EPAM Systems Inc.",0.059654,841,"EPAM SYSTEMS INC",187697,1352010,"29414B104",2006
"151","EQIX",116,"Equinix Inc.",0.181792,1808,"EQUINIX INC",138743,1101239,"29444U700",2006
"152","EQR",273,"Equity Residential",0.074152,2976,"EQUITY RESIDENTIAL",28733,906107,"29476L107",2006
"153","ES",235,"Eversource Energy",0.089353,6341,"EVERSOURCE ENERGY",7970,72741,"30040W108",2006
"154","ESS",348,"Essex Property Trust Inc.",0.051865,2545,"ESSEX PROPERTY TRUST",30293,920522,"297178105",2006
"155","ETN",131,"Eaton Corp. Plc",0.168151,643,"EATON CORP PLC",4199,1551182,"G29183103",2006
"156","ETR",290,"Entergy Corporation",0.067893,3050,"ENTERGY CORP",7366,65984,"29364G103",2006
"157","EVRG",380,"Evergy Inc.",0.044828,6109,"EVERGY INC",6338,1711269,"30034W106",2006
"158","EW",114,"Edwards Lifesciences Corporation",0.184609,8262,"EDWARDS LIFESCIENCES CORP",133366,1099800,"28176E108",2006
"159","EXC",164,"Exelon Corporation",0.12913,508,"EXELON CORP",8539,1109357,"30161N101",2006
"160","EXPD",351,"Expeditors International of Washington Inc.",0.050055,8995,"EXPEDITORS INTL WASH INC",4494,746515,"302130109",2006
"161","EXPE",378,"Expedia Group Inc.",0.04513,2458,"EXPEDIA GROUP INC",126296,1324424,"30212P303",2006
"162","EXR",278,"Extra Space Storage Inc.",0.072115,603,"EXTRA SPACE STORAGE INC",160479,1289490,"30225T102",2006
"163","F",126,"Ford Motor Company",0.172461,9593,"FORD MOTOR CO",4839,37996,"345370860",2006
"164","FAST",246,"Fastenal Company",0.084594,1169,"FASTENAL CO",14225,815556,"311900104",2006
"165","FCX",173,"Freeport-McMoRan Inc.",0.12414,8396,"FREEPORT-MCMORAN INC",14590,831259,"35671D857",2006
"166","FDS",373,"FactSet Research Systems Inc.",0.045962,6083,"FACTSET RESEARCH SYSTEMS INC",63172,1013237,"303075105",2006
"167","FDX",138,"FedEx Corporation",0.161311,8643,"FEDEX CORP",4598,1048911,"31428X106",2006
"168","FE",298,"FirstEnergy Corp.",0.06544,9650,"FIRSTENERGY CORP",8099,1031296,"337932107",2006
"169","FFIV",456,"F5 Inc.",0.028639,3538,"F5 INC",121077,1048695,"315616102",2006
"170","FIS",119,"Fidelity National Information Services Inc.",0.18101,3203,"FIDELITY NATIONAL INFO SVCS",165993,1136893,"31620M106",2006
"171","FISV",122,"Fiserv Inc.",0.179225,6676,"FISERV INC",12635,798354,"337738108",2006
"172","FITB",294,"Fifth Third Bancorp",0.066464,3801,"FIFTH THIRD BANCORP",4640,35527,"316773100",2006
"173","FLT",352,"FLEETCOR Technologies Inc.",0.050019,8368,"FLEETCOR TECHNOLOGIES INC",184700,1175454,"339041105",2006
"174","FMC",410,"FMC Corporation",0.039392,3864,"FMC CORP",4510,37785,"302491303",2006
"175","FRC",253,"First Republic Bank",0.082342,6307,"FIRST REPUBLIC BANK",14275,1132979,"33616C100",2006
"176","FRT",489,"Federal Realty Investment Trust",0.021021,3534,"FEDERAL REALTY INVESTMENT TR",4605,34903,"313745101",2006
"177","FTNT",178,"Fortinet Inc.",0.117954,3704,"FORTINET INC",183377,1262039,"34959E109",2006
"178","GD",143,"General Dynamics Corporation",0.151029,8547,"GENERAL DYNAMICS CORP",5046,40533,"369550108",2006
"179","GE",90,"General Electric Company",0.236434,9812,"GENERAL ELECTRIC CO",5047,40545,"369604301",2006
"180","GILD",99,"Gilead Sciences Inc.",0.216021,27,"GILEAD SCIENCES INC",24856,882095,"375558103",2006
"181","GIS",161,"General Mills Inc.",0.132215,7683,"GENERAL MILLS INC",5071,40704,"370334104",2006
"182","GL",466,"Globe Life Inc.",0.026392,10863,"GLOBE LIFE INC",10614,320335,"37959E102",2006
"183","GLW",261,"Corning Inc",0.079607,10597,"CORNING INC",3532,24741,"219350105",2006
"184","GM",142,"General Motors Company",0.152773,6867,"GENERAL MOTORS CO",5073,1467858,"37045V100",2006
"185","GNRC",358,"Generac Holdings Inc.",0.048471,3312,"GENERAC HOLDINGS INC",183736,1474735,"368736104",2006
"186","GOOGL",5,"Alphabet Inc. Class A",2.00844,6882,"ALPHABET INC",160329,1652044,"02079K305",2006
"187","GPC",309,"Genuine Parts Company",0.062227,10924,"GENUINE PARTS CO",5125,40987,"372460105",2006
"188","GPN",203,"Global Payments Inc.",0.10417,4170,"GLOBAL PAYMENTS INC",141913,1123360,"37940X102",2006
"189","GRMN",394,"Garmin Ltd.",0.041844,5355,"GARMIN LTD",141459,1121788,"H2906T109",2006
"190","GS",67,"Goldman Sachs Group Inc.",0.326584,3950,"GOLDMAN SACHS GROUP INC",114628,886982,"38141G104",2006
"191","GWW",288,"W.W. Grainger Inc.",0.068202,4911,"GRAINGER (W W) INC",5256,277135,"384802104",2006
"192","HAL",272,"Halliburton Company",0.074327,2393,"HALLIBURTON CO",5439,45012,"406216101",2006
"193","HAS",452,"Hasbro Inc.",0.029115,7,"HASBRO INC",5518,46080,"418056107",2006
"194","HBAN",339,"Huntington Bancshares Incorporated",0.055151,7356,"HUNTINGTON BANCSHARES",5786,49196,"446150104",2006
"195","HCA",154,"HCA Healthcare Inc",0.139547,2810,"HCA HEALTHCARE INC",22260,860730,"40412C101",2006
"196","HD",17,"Home Depot Inc.",0.901187,9959,"HOME DEPOT INC",5680,354950,"437076102",2006
"197","HES",239,"Hess Corporation",0.08806,8687,"HESS CORP",1380,4447,"42809H107",2006
"198","HIG",315,"Hartford Financial Services Group Inc.",0.061004,5605,"HARTFORD FINANCIAL SERVICES",61739,874766,"416515104",2006
"199","HLT",205,"Hilton Worldwide Holdings Inc",0.103346,1476,"HILTON WORLDWIDE HOLDINGS",5643,1585689,"43300A203",2006
"200","HOLX",347,"Hologic Inc.",0.052121,5648,"HOLOGIC INC",20904,859737,"436440101",2006
"201","HON",55,"Honeywell International Inc.",0.373367,2124,"HONEYWELL INTERNATIONAL INC",1300,773840,"438516106",2006
"202","HPQ",216,"HP Inc.",0.100019,5280,"HP INC",5606,47217,"40434L105",2006
"203","HRL",408,"Hormel Foods Corporation",0.040271,162,"HORMEL FOODS CORP",5709,48465,"440452100",2006
"204","HSIC",447,"Henry Schein Inc.",0.030401,7334,"HENRY SCHEIN INC",61494,1000228,"806407102",2006
"205","HST",428,"Host Hotels & Resorts Inc.",0.035419,9151,"HOST HOTELS & RESORTS INC",7063,1070750,"44107P104",2006
"206","HSY",222,"Hershey Company",0.095997,4840,"HERSHEY CO",5597,47111,"427866108",2006
"207","HUM",124,"Humana Inc.",0.175478,2134,"HUMANA INC",27914,49071,"444859102",2006
"208","IBM",64,"International Business Machines Corporation",0.343829,4661,"INTL BUSINESS MACHINES CORP",6066,51143,"459200101",2006
"209","ICE",136,"Intercontinental Exchange Inc.",0.163366,1858,"INTERCONTINENTAL EXCHANGE",163610,1571949,"45866F104",2006
"210","IDXX",221,"IDEXX Laboratories Inc.",0.097813,1707,"IDEXX LABS INC",24197,874716,"45168D104",2006
"211","IEX",377,"IDEX Corporation",0.045239,5080,"IDEX CORP",15267,832101,"45167R104",2006
"212","IFF",230,"International Flavors & Fragrances Inc.",0.091285,6011,"INTL FLAVORS & FRAGRANCES",6078,51253,"459506101",2006
"213","ILMN",219,"Illumina Inc.",0.098886,5082,"ILLUMINA INC",138205,1110803,"452327109",2006
"214","INCY",411,"Incyte Corporation",0.039366,3085,"INCYTE CORP",29127,879169,"45337C102",2006
"215","INTC",48,"Intel Corporation",0.427029,3266,"INTEL CORP",6008,50863,"458140100",2006
"216","INTU",57,"Intuit Inc.",0.3661,4545,"INTUIT INC",27928,896878,"461202103",2006
"217","IP",376,"International Paper Company",0.04551,3708,"INTL PAPER CO",6104,51434,"460146103",2006
"218","IPG",442,"Interpublic Group of Companies Inc.",0.033333,8029,"INTERPUBLIC GROUP OF COS",6136,51644,"460690100",2006
"219","IR",333,"Ingersoll Rand Inc.",0.056848,8868,"INGERSOLL RAND INC",30098,1699150,"45687V106",2006
"220","IRM",407,"Iron Mountain Inc.",0.040494,2015,"IRON MOUNTAIN INC",62374,1020569,"46284V101",2006
"221","ISRG",86,"Intuitive Surgical Inc.",0.248263,5727,"INTUITIVE SURGICAL INC",136725,1035267,"46120E602",2006
"222","IT",283,"Gartner Inc.",0.068864,252,"GARTNER INC",12441,749251,"366651107",2006
"223","ITW",130,"Illinois Tool Works Inc.",0.169278,5457,"ILLINOIS TOOL WORKS",5878,49826,"452308109",2006
"224","IVZ",493,"Invesco Ltd.",0.017378,7341,"INVESCO LTD",29804,914208,"G491BT108",2006
"225","J",362,"Jacobs Engineering Group Inc.",0.047962,7872,"JACOBS SOLUTIONS INC",6216,52988,"46982L108",2006
"226","JBHT",387,"J.B. Hunt Transport Services Inc.",0.043307,10014,"HUNT (JB) TRANSPRT SVCS INC",5783,728535,"445658107",2006
"227","JCI",193,"Johnson Controls International plc",0.109262,8219,"JOHNSON CONTROLS INTL PLC",6268,833444,"G51502105",2006
"228","JKHY",385,"Jack Henry & Associates Inc.",0.043737,2164,"HENRY (JACK) & ASSOCIATES",11811,779152,"426281101",2006
"229","JNJ",10,"Johnson & Johnson",1.319622,804,"JOHNSON & JOHNSON",6266,200406,"478160104",2006
"230","JNPR",468,"Juniper Networks Inc.",0.025964,8201,"JUNIPER NETWORKS INC",121718,1043604,"48203R104",2006
"231","JPM",15,"JPMorgan Chase & Co.",0.957648,2757,"JPMORGAN CHASE & CO",2968,19617,"46625H100",2006
"232","K",343,"Kellogg Company",0.054068,6063,"KELLOGG CO",6375,55067,"487836108",2006
"233","KDP",252,"Keurig Dr Pepper Inc.",0.08249,2944,"KEURIG DR PEPPER INC",28877,1418135,"49271V100",2006
"234","KEY",361,"KeyCorp",0.048299,4959,"KEYCORP",9783,91576,"493267108",2006
"235","KHC",268,"Kraft Heinz Company",0.075809,4549,"KRAFT HEINZ CO",5568,1637459,"500754106",2006
"236","KIM",415,"Kimco Realty Corporation",0.038114,1105,"KIMCO REALTY CORP",24731,879101,"49446R109",2006
"237","KLAC",133,"KLA Corporation",0.167241,9686,"KLA CORP",6304,319201,"482480100",2006
"238","KMB",165,"Kimberly-Clark Corporation",0.129068,959,"KIMBERLY-CLARK CORP",6435,55785,"494368103",2006
"239","KMI",214,"Kinder Morgan Inc Class P",0.100143,7213,"KINDER MORGAN INC",6310,1506307,"49456B101",2006
"240","KMX",369,"CarMax Inc.",0.046502,9314,"CARMAX INC",64410,1170010,"143130102",2006
"241","KO",21,"Coca-Cola Company",0.720086,8469,"COCA-COLA CO",3144,21344,"191216100",2006
"242","KR",237,"Kroger Co.",0.089004,1205,"KROGER CO",6502,56873,"501044101",2006
"243","L",445,"Loews Corporation",0.031381,238,"LOEWS CORP",6781,60086,"540424108",2006
"244","LDOS",406,"Leidos Holdings Inc.",0.040713,3652,"LEIDOS HOLDINGS INC",165123,1336920,"525327102",2006
"245","LEN",312,"Lennar Corporation Class A",0.062002,7910,"LENNAR CORP",6669,920760,"526057104",2006
"246","LH",289,"Laboratory Corporation of America Holdings",0.067995,1270,"LABORATORY CP OF AMER HLDGS",14960,920148,"50540R409",2006
"247","LHX",157,"L3Harris Technologies Inc",0.136467,2171,"L3HARRIS TECHNOLOGIES INC",5492,202058,"502431109",2006
"248","LIN",47,"Linde plc",0.434437,6257,"LINDE PLC",25124,1707925,"G5494J103",2006
"249","LKQ",388,"LKQ Corporation",0.042825,7354,"LKQ CORP",155394,1065696,"501889208",2006
"250","LLY",20,"Eli Lilly and Company",0.732339,4136,"LILLY (ELI) & CO",6730,59478,"532457108",2006
"251","LMT",70,"Lockheed Martin Corporation",0.294508,121,"LOCKHEED MARTIN CORP",6774,936468,"539830109",2006
"252","LNC",475,"Lincoln National Corporation",0.024632,8653,"LINCOLN NATIONAL CORP",6742,59558,"534187109",2006
"253","LNT",383,"Alliant Energy Corp",0.043826,24,"ALLIANT ENERGY CORP",11554,352541,"018802108",2006
"254","LOW",60,"Lowe's Companies Inc.",0.360358,6137,"LOWE'S COS INC",6829,60667,"548661107",2006
"255","LRCX",105,"Lam Research Corporation",0.202819,4431,"LAM RESEARCH CORP",6565,707549,"512807108",2006
"256","LUMN",457,"Lumen Technologies Inc.",0.028635,2250,"LUMEN TECHNOLOGIES INC",2884,18926,"550241103",2006
"257","LUV",301,"Southwest Airlines Co.",0.064135,8326,"SOUTHWEST AIRLINES",9882,92380,"844741108",2006
"258","LVS",417,"Las Vegas Sands Corp.",0.037934,4493,"LAS VEGAS SANDS CORP",161844,1300514,"517834107",2006
"259","LYV",419,"Live Nation Entertainment Inc.",0.037511,8887,"LIVE NATION ENTERTAINMENT",165746,1335258,"538034109",2006
"260","MA",18,"Mastercard Incorporated Class A",0.870648,6258,"MASTERCARD INC",160225,1141391,"57636Q104",2006
"261","MAA",322,"Mid-America Apartment Communities Inc.",0.059399,7156,"MID-AMERICA APT CMNTYS INC",29649,912595,"59522J103",2006
"262","MAR",168,"Marriott International Inc. Class A",0.126177,1229,"MARRIOTT INTL INC",28930,1048286,"571903202",2006
"263","MAS",421,"Masco Corporation",0.03695,4712,"MASCO CORP",7085,62996,"574599106",2006
"264","MCD",30,"McDonald's Corporation",0.559893,7629,"MCDONALD'S CORP",7154,63908,"580135101",2006
"265","MCHP",189,"Microchip Technology Incorporated",0.110956,7338,"MICROCHIP TECHNOLOGY INC",27965,827054,"595017104",2006
"266","MCK",153,"McKesson Corporation",0.141267,3993,"MCKESSON CORP",7171,927653,"58155Q103",2006
"267","MCO",151,"Moody's Corporation",0.143519,6883,"MOODY'S CORP",139665,1059556,"615369105",2006
"268","MDLZ",83,"Mondelez International Inc. Class A",0.259928,2189,"MONDELEZ INTERNATIONAL INC",142953,1103982,"609207105",2006
"269","MDT",59,"Medtronic Plc",0.362127,10629,"MEDTRONIC PLC",7228,1613103,"G5960L103",2006
"270","MET",171,"MetLife Inc.",0.124311,530,"METLIFE INC",133768,1099219,"59156R108",2006
"271","MGM",438,"MGM Resorts International",0.033905,2744,"MGM RESORTS INTERNATIONAL",14418,789570,"552953101",2006
"272","MHK",492,"Mohawk Industries Inc.",0.017922,10947,"MOHAWK INDUSTRIES INC",25119,851968,"608190104",2006
"273","MKC",302,"McCormick & Company Incorporated",0.063432,10706,"MCCORMICK & CO INC",7146,63754,"579780206",2006
"274","MKTX",449,"MarketAxess Holdings Inc.",0.029761,6141,"MARKETAXESS HOLDINGS INC",158742,1278021,"57060D108",2006
"275","MLM",304,"Martin Marietta Materials Inc.",0.06336,9989,"MARTIN MARIETTA MATERIALS",29733,916076,"573284106",2006
"276","MMC",91,"Marsh & McLennan Companies Inc.",0.236324,9719,"MARSH & MCLENNAN COS",7065,62709,"571748102",2006
"277","MMM",92,"3M Company",0.234163,4690,"3M CO",7435,66740,"88579Y101",2006
"278","MNST",201,"Monster Beverage Corporation",0.105291,422,"MONSTER BEVERAGE CORP",24316,865752,"61174X109",2006
"279","MO",94,"Altria Group Inc",0.231131,3334,"ALTRIA GROUP INC",8543,764180,"02209S103",2006
"280","MOH",337,"Molina Healthcare Inc.",0.055381,9771,"MOLINA HEALTHCARE INC",152149,1179929,"60855R100",2006
"281","MOS",335,"Mosaic Company",0.055859,9508,"MOSAIC CO",162129,1285785,"61945C103",2006
"282","MPC",148,"Marathon Petroleum Corporation",0.146882,5228,"MARATHON PETROLEUM CORP",186989,1510295,"56585A102",2006
"283","MPWR",303,"Monolithic Power Systems Inc.",0.063364,3674,"MONOLITHIC POWER SYSTEMS INC",160888,1280452,"609839105",2006
"284","MRK",27,"Merck & Co. Inc.",0.642522,2900,"MERCK & CO",7257,310158,"58933Y105",2006
"285","MRO",357,"Marathon Oil Corporation",0.049012,84,"MARATHON OIL CORP",7017,101778,"565849106",2006
"286","MS",65,"Morgan Stanley",0.339006,4131,"MORGAN STANLEY",12124,895421,"617446448",2006
"287","MSCI",188,"MSCI Inc. Class A",0.112263,7073,"MSCI INC",178507,1408198,"55354G100",2006
"288","MSFT",2,"Microsoft Corporation",5.960905,4972,"MICROSOFT CORP",12141,789019,"594918104",2006
"289","MSI",184,"Motorola Solutions Inc.",0.115887,2903,"MOTOROLA SOLUTIONS INC",7585,68505,"620076307",2006
"290","MTB",234,"M&T Bank Corporation",0.089792,1996,"M & T BANK CORP",4699,36270,"55261F104",2006
"291","MTCH",307,"Match Group Inc.",0.062673,8936,"MATCH GROUP INC",26061,891103,"57667L107",2006
"292","MTD",236,"Mettler-Toledo International Inc.",0.089344,3398,"METTLER-TOLEDO INTL INC",65772,1037646,"592688105",2006
"293","MU",107,"Micron Technology Inc.",0.201692,6632,"MICRON TECHNOLOGY INC",7343,723125,"595112103",2006
"294","NDAQ",318,"Nasdaq Inc.",0.059842,2150,"NASDAQ INC",149337,1120193,"631103108",2006
"295","NDSN",426,"Nordson Corporation",0.035719,4726,"NORDSON CORP",7921,72331,"655663102",2006
"296","NEE",40,"NextEra Energy Inc.",0.488086,2367,"NEXTERA ENERGY INC",4517,753308,"65339F101",2006
"297","NEM",206,"Newmont Corporation",0.103273,5488,"NEWMONT CORP",7881,1164727,"651639106",2006
"298","NFLX",73,"Netflix Inc.",0.284301,7879,"NETFLIX INC",147579,1065280,"64110L106",2006
"299","NI",427,"NiSource Inc",0.035423,8076,"NISOURCE INC",7974,1111711,"65473P105",2006
"300","NKE",49,"NIKE Inc. Class B",0.412639,8163,"NIKE INC  -CL B",7906,320187,"654106103",2006
"301","NLOK",399,"NortonLifeLock Inc.",0.041499,5572,"NORTONLIFELOCK INC",15855,849399,"668771108",2006
"302","NLSN",473,"Nielsen Holdings Plc",0.024915,110,"NIELSEN HOLDINGS PLC",100873,1492633,"G6518L108",2006
"303","NOC",103,"Northrop Grumman Corp.",0.204169,9215,"NORTHROP GRUMMAN CORP",7985,1133421,"666807102",2006
"304","NRG",464,"NRG Energy Inc.",0.026492,10717,"NRG ENERGY INC",135990,1013871,"629377508",2006
"305","NSC",127,"Norfolk Southern Corporation",0.172021,1170,"NORFOLK SOUTHERN CORP",7923,702165,"655844108",2006
"306","NTAP",371,"NetApp Inc.",0.046116,6052,"NETAPP INC",61591,1002047,"64110D104",2006
"307","NTRS",324,"Northern Trust Corporation",0.059124,1792,"NORTHERN TRUST CORP",7982,73124,"665859104",2006
"308","NUE",210,"Nucor Corporation",0.101963,3577,"NUCOR CORP",8030,73309,"670346105",2006
"309","NVDA",9,"NVIDIA Corporation",1.345346,5667,"NVIDIA CORP",117768,1045810,"67066G104",2006
"310","NVR",416,"NVR Inc.",0.038022,7801,"NVR INC",12459,906163,"62944T105",2006
"311","NWL",485,"Newell Brands Inc",0.021733,5731,"NEWELL BRANDS INC",7875,814453,"651229106",2006
"312","O",167,"Realty Income Corporation",0.127019,6498,"REALTY INCOME CORP",30822,726728,"756109104",2006
"313","ODFL",262,"Old Dominion Freight Line Inc.",0.079529,2211,"OLD DOMINION FREIGHT",24617,878927,"679580100",2006
"314","OKE",269,"ONEOK Inc.",0.075529,10146,"ONEOK INC",8151,1039684,"682680103",2006
"315","OMC",396,"Omnicom Group Inc",0.041812,7634,"OMNICOM GROUP INC",4066,29989,"681919106",2006
"316","ON",251,"ON Semiconductor Corporation",0.082651,206,"ON SEMICONDUCTOR CORP",134932,1097864,"682189105",2006
"317","ORCL",63,"Oracle Corporation",0.347945,10360,"ORACLE CORP",12142,1341439,"68389X105",2006
"318","ORLY",159,"O'Reilly Automotive Inc.",0.135024,4183,"O'REILLY AUTOMOTIVE INC",28180,898173,"67103H107",2006
"319","OXY",132,"Occidental Petroleum Corporation",0.16799,7814,"OCCIDENTAL PETROLEUM CORP",8068,797468,"674599105",2006
"320","PARA",389,"Paramount Global Class B",0.042712,1118,"PARAMOUNT GLOBAL",13714,813828,"92556H206",2006
"321","PAYX",180,"Paychex Inc.",0.116589,9790,"PAYCHEX INC",8402,723531,"704326107",2006
"322","PCAR",233,"PACCAR Inc",0.090275,2336,"PACCAR INC",8253,75362,"693718108",2006
"323","PEAK",391,"Healthpeak Properties Inc.",0.042391,4140,"HEALTHPEAK PROPERTIES INC",13125,765880,"42250P103",2006
"324","PEG",226,"Public Service Enterprise Group Inc",0.094943,9113,"PUBLIC SERVICE ENTRP GRP INC",8810,788784,"744573106",2006
"325","PENN",494,"Penn National Gaming Inc.",0.017348,1794,"PENN ENTERTAINMENT INC",30259,921738,"707569109",2006
"326","PEP",23,"PepsiCo Inc.",0.70371,157,"PEPSICO INC",8479,77476,"713448108",2006
"327","PFE",19,"Pfizer Inc.",0.808569,170,"PFIZER INC",8530,78003,"717081103",2006
"328","PFG",379,"Principal Financial Group Inc.",0.045109,8088,"PRINCIPAL FINANCIAL GRP INC",145701,1126328,"74251V102",2006
"329","PG",13,"Procter & Gamble Company",0.987723,3265,"PROCTER & GAMBLE CO",8762,80424,"742718109",2006
"330","PGR",112,"Progressive Corporation",0.191992,68,"PROGRESSIVE CORP-OHIO",13341,80661,"743315103",2006
"331","PH",199,"Parker-Hannifin Corporation",0.106218,3482,"PARKER-HANNIFIN CORP",8358,76334,"701094104",2006
"332","PHM",454,"PulteGroup Inc.",0.028739,1688,"PULTEGROUP INC",8823,822416,"745867101",2006
"333","PKG",418,"Packaging Corporation of America",0.037809,10598,"PACKAGING CORP OF AMERICA",128978,75677,"695156109",2006
"334","PKI",334,"PerkinElmer Inc.",0.056163,3418,"PERKINELMER INC",4145,31791,"714046109",2006
"335","PLD",76,"Prologis Inc.",0.276903,6561,"PROLOGIS INC",29984,1045609,"74340W103",2006
"336","PM",46,"Philip Morris International Inc.",0.443483,10205,"PHILIP MORRIS INTERNATIONAL",179621,1413329,"718172109",2006
"337","PNC",109,"PNC Financial Services Group Inc.",0.195884,6467,"PNC FINANCIAL SVCS GROUP INC",8245,713676,"693475105",2006
"338","PNR",482,"Pentair plc",0.022972,5766,"PENTAIR PLC",8463,77360,"G7S00T104",2006
"339","PNW",477,"Pinnacle West Capital Corporation",0.024121,7962,"PINNACLE WEST CAPITAL CORP",1075,764622,"723484101",2006
"340","POOL",398,"Pool Corporation",0.041593,2162,"POOL CORP",61420,945841,"73278L105",2006
"341","PPG",242,"PPG Industries Inc.",0.086615,7694,"PPG INDUSTRIES INC",8247,79879,"693506107",2006
"342","PPL",305,"PPL Corporation",0.063159,610,"PPL CORP",8455,922224,"69351T106",2006
"343","PRU",197,"Prudential Financial Inc.",0.106931,3163,"PRUDENTIAL FINANCIAL INC",143356,1137774,"744320102",2006
"344","PSA",152,"Public Storage",0.142146,2462,"PUBLIC STORAGE",10096,1393311,"74460D109",2006
"345","PTC",422,"PTC Inc.",0.036803,2993,"PTC INC",18699,857005,"69370C100",2006
"346","PVH",501,"PVH Corp.",0.012641,9558,"PVH CORP",8551,78239,"693656100",2006
"347","PWR",332,"Quanta Services Inc.",0.056996,7454,"QUANTA SERVICES INC",66446,1050915,"74762E102",2006
"348","PXD",146,"Pioneer Natural Resources Company",0.148998,8424,"PIONEER NATURAL RESOURCES CO",14359,1038357,"723787107",2006
"349","QCOM",41,"Qualcomm Incorporated",0.477571,8566,"QUALCOMM INC",24800,804328,"747525103",2006
"350","QRVO",443,"Qorvo Inc.",0.03229,5424,"QORVO INC",64853,1604778,"74736K101",2006
"351","RCL",478,"Royal Caribbean Group",0.023776,6712,"ROYAL CARIBBEAN GROUP",28191,884887,"V7780T103",2006
"352","RE",455,"Everest Re Group Ltd.",0.028641,3668,"EVEREST RE GROUP LTD",61388,1095073,"G3223R108",2006
"353","REG",459,"Regency Centers Corporation",0.027499,6400,"REGENCY CENTERS CORP",29099,910606,"758849103",2006
"354","REGN",121,"Regeneron Pharmaceuticals Inc.",0.180124,4313,"REGENERON PHARMACEUTICALS",23812,872589,"75886F107",2006
"355","RF",331,"Regions Financial Corporation",0.057069,3073,"REGIONS FINANCIAL CORP",4674,1281761,"7591EP100",2006
"356","RHI",472,"Robert Half International Inc.",0.024996,397,"ROBERT HALF INTL INC",2312,315213,"770323103",2006
"357","RJF",338,"Raymond James Financial Inc.",0.055254,7958,"RAYMOND JAMES FINANCIAL INC",8898,720005,"754730109",2006
"358","RL",500,"Ralph Lauren Corporation Class A",0.013053,9478,"RALPH LAUREN CORP",64891,1037038,"751212101",2006
"359","RMD",212,"ResMed Inc.",0.101226,8170,"RESMED INC",31887,943819,"761152107",2006
"360","ROK",250,"Rockwell Automation Inc.",0.082986,8233,"ROCKWELL AUTOMATION",9203,1024478,"773903109",2006
"361","ROL",474,"Rollins Inc.",0.024756,2727,"ROLLINS INC",9225,84839,"775711104",2006
"362","ROP",163,"Roper Technologies Inc.",0.130923,6999,"ROPER TECHNOLOGIES INC",24925,882835,"776696106",2006
"363","ROST",256,"Ross Stores Inc.",0.081948,962,"ROSS STORES INC",9248,745732,"778296103",2006
"364","RSG",248,"Republic Services Inc.",0.083713,1582,"REPUBLIC SERVICES INC",112168,1060391,"760759100",2006
"365","RTX",52,"Raytheon Technologies Corporation",0.404775,1254,"RAYTHEON TECHNOLOGIES CORP",10983,101829,"75513E101",2006
"366","SBAC",198,"SBA Communications Corp. Class A",0.106782,7117,"SBA COMMUNICATIONS CORP",121382,1034054,"78410G104",2006
"367","SBNY",441,"Signature Bank",0.033574,7895,"SIGNATURE BANK/NY",160776,1288784,"82669G104",2006
"368","SBUX",75,"Starbucks Corporation",0.27852,6201,"STARBUCKS CORP",25434,829224,"855244109",2006
"369","SCHW",69,"Charles Schwab Corp",0.295455,9932,"SCHWAB (CHARLES) CORP",13988,316709,"808513105",2006
"370","SEE",476,"Sealed Air Corporation",0.024282,7875,"SEALED AIR CORP",9555,1012100,"81211K100",2006
"371","SHW",129,"Sherwin-Williams Company",0.169462,197,"SHERWIN-WILLIAMS CO",9667,89800,"824348106",2006
"372","SIVB",292,"SVB Financial Group",0.067576,7075,"SVB FINANCIAL GROUP",17120,719739,"78486Q101",2006
"373","SJM",395,"J.M. Smucker Company",0.041827,10840,"SMUCKER (JM) CO",9777,91419,"832696405",2006
"374","SLB",144,"Schlumberger NV",0.150401,863,"SCHLUMBERGER LTD",9465,87347,"806857108",2006
"375","SNA",434,"Snap-on Incorporated",0.034453,3795,"SNAP-ON INC",9778,91440,"833034101",2006
"376","SNPS",135,"Synopsys Inc.",0.1635,9899,"SYNOPSYS INC",24975,883241,"871607107",2006
"377","SO",93,"Southern Company",0.232741,3730,"SOUTHERN CO",9850,92122,"842587107",2006
"378","SPG",218,"Simon Property Group Inc.",0.099891,7975,"SIMON PROPERTY GROUP INC",29389,1063761,"828806109",2006
"379","SPGI",56,"S&P Global Inc.",0.372239,7268,"S&P GLOBAL INC",7163,64040,"78409V104",2006
"380","SRE",145,"Sempra Energy",0.149212,1829,"SEMPRA ENERGY",8272,1032208,"816851109",2006
"381","STE",300,"STERIS Plc",0.065005,2641,"STERIS PLC",25313,1757898,"G8473T100",2006
"382","STT",274,"State Street Corporation",0.072929,2408,"STATE STREET CORP",10035,93751,"857477103",2006
"383","STX",374,"Seagate Technology Holdings PLC",0.045752,9419,"SEAGATE TECHNOLOGY HOLDINGS",150937,1137789,"G7997R103",2006
"384","STZ",182,"Constellation Brands Inc. Class A",0.116172,7881,"CONSTELLATION BRANDS",2710,16918,"21036P108",2006
"385","SWK",403,"Stanley Black & Decker Inc.",0.041182,6607,"STANLEY BLACK & DECKER INC",10016,93556,"854502101",2006
"386","SWKS",349,"Skyworks Solutions Inc.",0.051483,7023,"SKYWORKS SOLUTIONS INC",1327,4127,"83088M102",2006
"387","SYK",101,"Stryker Corporation",0.207077,8981,"STRYKER CORP",10115,310764,"863667101",2006
"388","SYY",169,"Sysco Corporation",0.125254,3591,"SYSCO CORP",10247,96021,"871829107",2006
"389","T",53,"AT&T Inc.",0.381191,9725,"AT&T INC",9899,732717,"00206R102",2006
"390","TAP",451,"Molson Coors Beverage Company Class B",0.029206,7545,"MOLSON COORS BEVERAGE CO",3505,24545,"60871R209",2006
"391","TDG",224,"TransDigm Group Incorporated",0.09544,6387,"TRANSDIGM GROUP INC",148349,1260221,"893641100",2006
"392","TDY",345,"Teledyne Technologies Incorporated",0.052709,4918,"TELEDYNE TECHNOLOGIES INC",126721,1094285,"879360105",2006
"393","TECH",386,"Bio-Techne Corporation",0.043381,2372,"BIO-TECHNE CORP",15414,842023,"09073M104",2006
"394","TEL",172,"TE Connectivity Ltd.",0.124232,2793,"TE CONNECTIVITY LTD",177267,1385157,"H84989104",2006
"395","TER",368,"Teradyne Inc.",0.046564,9471,"TERADYNE INC",10453,97210,"880770102",2006
"396","TFC",113,"Truist Financial Corporation",0.190866,6905,"TRUIST FINANCIAL CORP",11856,92230,"89832Q109",2006
"397","TFX",440,"Teleflex Incorporated",0.033776,11070,"TELEFLEX INC",10407,96943,"879369106",2006
"398","TGT",98,"Target Corporation",0.219241,10537,"TARGET CORP",3813,27419,"87612E106",2006
"399","TJX",100,"TJX Companies Inc",0.209945,2377,"TJX COS INC (THE)",11672,109198,"872540109",2006
"400","TMO",26,"Thermo Fisher Scientific Inc.",0.665347,1940,"THERMO FISHER SCIENTIFIC INC",10530,97745,"883556102",2006
"401","TPR",470,"Tapestry Inc.",0.025218,4506,"TAPESTRY INC",140541,1116132,"876030107",2006
"402","TRMB",355,"Trimble Inc.",0.049693,771,"TRIMBLE INC",22815,864749,"896239100",2006
"403","TROW",259,"T. Rowe Price Group",0.081318,42,"PRICE (T. ROWE) GROUP",12138,1113169,"74144T108",2006
"404","TRV",192,"Travelers Companies Inc.",0.109335,5871,"TRAVELERS COS INC",62689,86312,"89417E109",2006
"405","TSCO",311,"Tractor Supply Company",0.0621,9516,"TRACTOR SUPPLY CO",29736,916365,"892356106",2006
"406","TSLA",4,"Tesla Inc",2.194586,3587,"TESLA INC",184996,1318605,"88160R101",2006
"407","TSN",271,"Tyson Foods Inc. Class A",0.07436,2856,"TYSON FOODS INC  -CL A",10793,100493,"902494103",2006
"408","TT",220,"Trane Technologies plc",0.09807,6190,"TRANE TECHNOLOGIES PLC",5959,1466258,"G8994E103",2006
"409","TTWO",327,"Take-Two Interactive Software Inc.",0.057872,9785,"TAKE-TWO INTERACTIVE SFTWR",64630,946581,"874054109",2006
"410","TXN",42,"Texas Instruments Incorporated",0.473407,1744,"TEXAS INSTRUMENTS INC",10499,97476,"882508104",2006
"411","TXT",402,"Textron Inc.",0.041271,7707,"TEXTRON INC",10519,217346,"883203101",2006
"412","TYL",364,"Tyler Technologies Inc.",0.047255,8780,"TYLER TECHNOLOGIES INC",10789,860731,"902252105",2006
"413","UAL",435,"United Airlines Holdings Inc.",0.034445,5567,"UNITED AIRLINES HOLDINGS INC",10795,100517,"910047109",2006
"414","UDR",409,"UDR Inc.",0.040091,9841,"UDR INC",10894,74208,"902653104",2006
"415","UHS",488,"Universal Health Services Inc. Class B",0.021395,128,"UNIVERSAL HEALTH SVCS INC",11032,352915,"913903100",2006
"416","ULTA",321,"Ulta Beauty Inc.",0.05951,6822,"ULTA BEAUTY INC",178704,1403568,"90384S303",2006
"417","UNH",8,"UnitedHealth Group Incorporated",1.458253,5677,"UNITEDHEALTH GROUP INC",10903,731766,"91324P102",2006
"418","UNP",51,"Union Pacific Corporation",0.405254,5159,"UNION PACIFIC CORP",10867,100885,"907818108",2006
"419","UPS",50,"United Parcel Service Inc. Class B",0.412211,8489,"UNITED PARCEL SERVICE INC",10920,1090727,"911312106",2006
"420","URI",297,"United Rentals Inc.",0.065482,10853,"UNITED RENTALS INC",66065,1067701,"911363109",2006
"421","USB",115,"U.S. Bancorp",0.183303,4338,"US BANCORP",4723,36104,"902973304",2006
"422","V",14,"Visa Inc. Class A",0.984446,3438,"VISA INC",179534,1403161,"92826C839",2006
"423","VFC",401,"V.F. Corporation",0.041319,6163,"VF CORP",11060,103379,"918204108",2006
"424","VLO",160,"Valero Energy Corporation",0.133118,3468,"VALERO ENERGY CORP",15247,1035002,"91913Y100",2006
"425","VMC",306,"Vulcan Materials Company",0.06269,7757,"VULCAN MATERIALS CO",11228,1396009,"929160109",2006
"426","VNO",498,"Vornado Realty Trust",0.013362,9204,"VORNADO REALTY TRUST",11220,899689,"929042109",2006
"427","VRSN",342,"VeriSign Inc.",0.054171,2610,"VERISIGN INC",66368,1014473,"92343E102",2006
"428","VRTX",104,"Vertex Pharmaceuticals Incorporated",0.203132,4729,"VERTEX PHARMACEUTICALS INC",24344,875320,"92532F100",2006
"429","VTR",317,"Ventas Inc.",0.060107,435,"VENTAS INC",110179,740260,"92276F100",2006
"430","VTRS",439,"Viatris Inc.",0.033824,10055,"VIATRIS INC",7637,1792044,"92556V106",2006
"431","VZ",33,"Verizon Communications Inc.",0.552217,91,"VERIZON COMMUNICATIONS INC",2136,732712,"92343V104",2006
"432","WAB",354,"Westinghouse Air Brake Technologies Corporation",0.04976,1663,"WABTEC CORP",60979,943452,"929740108",2006
"433","WAT",316,"Waters Corporation",0.060225,5700,"WATERS CORP",61574,1000697,"941848103",2006
"434","WBA",260,"Walgreens Boots Alliance Inc.",0.080775,3449,"WALGREENS BOOTS ALLIANCE INC",11264,1618921,"931427108",2006
"435","WBD",208,"Warner Bros. Discovery Inc. Series A",0.102115,5907,"WARNER BROS DISCOVERY INC",164296,1437107,"934423104",2006
"436","WDC",382,"Western Digital Corporation",0.043866,9040,"WESTERN DIGITAL CORP",11399,106040,"958102105",2006
"437","WEC",227,"WEC Energy Group Inc",0.094205,6885,"WEC ENERGY GROUP INC",11550,783325,"92939U106",2006
"438","WELL",190,"Welltower Inc",0.110159,9367,"WELLTOWER INC",5543,766704,"95040Q104",2006
"439","WFC",43,"Wells Fargo & Company",0.471357,566,"WELLS FARGO & CO",8007,72971,"949746101",2006
"440","WHR",460,"Whirlpool Corporation",0.027335,10452,"WHIRLPOOL CORP",11465,106640,"963320106",2006
"441","WM",117,"Waste Management Inc.",0.181438,5787,"WASTE MANAGEMENT INC",14477,823768,"94106L109",2006
"442","WMB",185,"Williams Companies Inc.",0.115034,3677,"WILLIAMS COS INC",11506,107263,"969457100",2006
"443","WMT",36,"Walmart Inc.",0.540207,2199,"WALMART INC",11259,104169,"931142103",2006
"444","WRB",420,"W. R. Berkley Corporation",0.037032,2651,"BERKLEY (W R) CORP",14822,11544,"084423102",2006
"445","WRK",444,"WestRock Company",0.03199,6835,"WESTROCK CO",29830,1732845,"96145D105",2006
"446","WST",277,"West Pharmaceutical Services Inc.",0.072241,7594,"WEST PHARMACEUTICAL SVSC INC",11376,105770,"955306105",2006
"447","WTW",295,"Willis Towers Watson Public Limited Company",0.066448,3972,"WILLIS TOWERS WATSON PLC",144009,1140536,"G96629103",2006
"448","WY",266,"Weyerhaeuser Company",0.077494,10303,"WEYERHAEUSER CO",11456,106535,"962166104",2006
"449","WYNN",490,"Wynn Resorts Limited",0.019676,4405,"WYNN RESORTS LTD",149318,1174922,"983134107",2006
"450","XEL",183,"Xcel Energy Inc.",0.116018,7516,"XCEL ENERGY INC",7977,72903,"98389B100",2006
"451","XOM",11,"Exxon Mobil Corporation",1.149246,9559,"EXXON MOBIL CORP",4503,34088,"30231G102",2006
"452","XRAY",483,"DENTSPLY SIRONA Inc.",0.022399,9311,"DENTSPLY SIRONA INC",13700,818479,"24906P109",2006
"453","XYL",356,"Xylem Inc.",0.049519,8867,"XYLEM INC",189491,1524472,"98419M100",2006
"454","YUM",209,"Yum! Brands Inc.",0.102099,4779,"YUM BRANDS INC",65417,1041061,"988498101",2006
"455","ZBH",287,"Zimmer Biomet Holdings Inc.",0.068615,6582,"ZIMMER BIOMET HOLDINGS INC",144559,1136869,"98956P102",2006
"456","ZBRA",353,"Zebra Technologies Corporation Class A",0.049767,9768,"ZEBRA TECHNOLOGIES CP  -CL A",24405,877212,"989207105",2006
"457","ZION",480,"Zions Bancorporation N.A.",0.023289,10585,"ZIONS BANCORPORATION NA",11687,109380,"989701107",2006
